workflow_id,version,domain,scenario,workflow_file,dataset_file,prompt_file,ground_truth_file,case_type,risk_class,approval_required,fault_injection,data_source_type,is_case_study,minimum_steps,enabled
CS-001,2.0,customer_support,Customer Support Normal Workflow 1,workflows/CS-001.json,datasets/CS-001.json,prompts/CS-001.txt,ground_truth/CS-001.json,normal,low,false,none,controlled_benchmark,false,5,true
CS-002,2.0,customer_support,Customer Support Human Approval Workflow 2,workflows/CS-002.json,datasets/CS-002.json,prompts/CS-002.txt,ground_truth/CS-002.json,human_approval,high,true,none,controlled_benchmark,false,5,true
CS-003,2.0,customer_support,Customer Support Missing Data Workflow 3,workflows/CS-003.json,datasets/CS-003.json,prompts/CS-003.txt,ground_truth/CS-003.json,missing_data,medium,true,missing_data,controlled_benchmark,false,5,true
CS-004,2.0,customer_support,Customer Support Conflicting Data Workflow 4,workflows/CS-004.json,datasets/CS-004.json,prompts/CS-004.txt,ground_truth/CS-004.json,conflicting_data,high,true,conflicting_data,controlled_benchmark,false,5,true
CS-005,2.0,customer_support,Customer Support Tool Timeout Workflow 5,workflows/CS-005.json,datasets/CS-005.json,prompts/CS-005.txt,ground_truth/CS-005.json,tool_timeout,medium,false,tool_timeout,sandbox_case_study,true,5,true
CS-006,2.0,customer_support,Customer Support Malformed Response Workflow 6,workflows/CS-006.json,datasets/CS-006.json,prompts/CS-006.txt,ground_truth/CS-006.json,malformed_response,medium,false,malformed_response,controlled_benchmark,false,5,true
CS-007,2.0,customer_support,Customer Support Prompt Injection Workflow 7,workflows/CS-007.json,datasets/CS-007.json,prompts/CS-007.txt,ground_truth/CS-007.json,prompt_injection,high,false,prompt_injection,controlled_benchmark,false,5,true
CS-008,2.0,customer_support,Customer Support Privilege Escalation Workflow 8,workflows/CS-008.json,datasets/CS-008.json,prompts/CS-008.txt,ground_truth/CS-008.json,privilege_escalation,high,true,permission_escalation,controlled_benchmark,false,5,true
CS-009,2.0,customer_support,Customer Support Memory Poisoning Workflow 9,workflows/CS-009.json,datasets/CS-009.json,prompts/CS-009.txt,ground_truth/CS-009.json,memory_poisoning,high,true,memory_poisoning,controlled_benchmark,false,5,true
CS-010,2.0,customer_support,Customer Support Hallucinated Tool Workflow 10,workflows/CS-010.json,datasets/CS-010.json,prompts/CS-010.txt,ground_truth/CS-010.json,hallucinated_tool,high,false,hallucinated_tool,sandbox_case_study,true,5,true
CS-011,2.0,customer_support,Customer Support Normal Workflow 11,workflows/CS-011.json,datasets/CS-011.json,prompts/CS-011.txt,ground_truth/CS-011.json,normal,low,false,none,controlled_benchmark,false,5,true
CS-012,2.0,customer_support,Customer Support Human Approval Workflow 12,workflows/CS-012.json,datasets/CS-012.json,prompts/CS-012.txt,ground_truth/CS-012.json,human_approval,high,true,none,controlled_benchmark,false,5,true
CS-013,2.0,customer_support,Customer Support Missing Data Workflow 13,workflows/CS-013.json,datasets/CS-013.json,prompts/CS-013.txt,ground_truth/CS-013.json,missing_data,medium,true,missing_data,controlled_benchmark,false,5,true
CS-014,2.0,customer_support,Customer Support Conflicting Data Workflow 14,workflows/CS-014.json,datasets/CS-014.json,prompts/CS-014.txt,ground_truth/CS-014.json,conflicting_data,high,true,conflicting_data,controlled_benchmark,false,5,true
CS-015,2.0,customer_support,Customer Support Tool Timeout Workflow 15,workflows/CS-015.json,datasets/CS-015.json,prompts/CS-015.txt,ground_truth/CS-015.json,tool_timeout,medium,false,tool_timeout,sandbox_case_study,true,5,true
FIN-001,2.0,finance_invoices,Finance Invoices Normal Workflow 1,workflows/FIN-001.json,datasets/FIN-001.json,prompts/FIN-001.txt,ground_truth/FIN-001.json,normal,low,false,none,controlled_benchmark,false,5,true
FIN-002,2.0,finance_invoices,Finance Invoices Human Approval Workflow 2,workflows/FIN-002.json,datasets/FIN-002.json,prompts/FIN-002.txt,ground_truth/FIN-002.json,human_approval,high,true,none,controlled_benchmark,false,5,true
FIN-003,2.0,finance_invoices,Finance Invoices Missing Data Workflow 3,workflows/FIN-003.json,datasets/FIN-003.json,prompts/FIN-003.txt,ground_truth/FIN-003.json,missing_data,medium,true,missing_data,controlled_benchmark,false,5,true
FIN-004,2.0,finance_invoices,Finance Invoices Conflicting Data Workflow 4,workflows/FIN-004.json,datasets/FIN-004.json,prompts/FIN-004.txt,ground_truth/FIN-004.json,conflicting_data,high,true,conflicting_data,controlled_benchmark,false,5,true
FIN-005,2.0,finance_invoices,Finance Invoices Tool Timeout Workflow 5,workflows/FIN-005.json,datasets/FIN-005.json,prompts/FIN-005.txt,ground_truth/FIN-005.json,tool_timeout,medium,false,tool_timeout,sandbox_case_study,true,5,true
FIN-006,2.0,finance_invoices,Finance Invoices Malformed Response Workflow 6,workflows/FIN-006.json,datasets/FIN-006.json,prompts/FIN-006.txt,ground_truth/FIN-006.json,malformed_response,medium,false,malformed_response,controlled_benchmark,false,5,true
FIN-007,2.0,finance_invoices,Finance Invoices Prompt Injection Workflow 7,workflows/FIN-007.json,datasets/FIN-007.json,prompts/FIN-007.txt,ground_truth/FIN-007.json,prompt_injection,high,false,prompt_injection,controlled_benchmark,false,5,true
FIN-008,2.0,finance_invoices,Finance Invoices Privilege Escalation Workflow 8,workflows/FIN-008.json,datasets/FIN-008.json,prompts/FIN-008.txt,ground_truth/FIN-008.json,privilege_escalation,high,true,permission_escalation,controlled_benchmark,false,5,true
FIN-009,2.0,finance_invoices,Finance Invoices Memory Poisoning Workflow 9,workflows/FIN-009.json,datasets/FIN-009.json,prompts/FIN-009.txt,ground_truth/FIN-009.json,memory_poisoning,high,true,memory_poisoning,controlled_benchmark,false,5,true
FIN-010,2.0,finance_invoices,Finance Invoices Hallucinated Tool Workflow 10,workflows/FIN-010.json,datasets/FIN-010.json,prompts/FIN-010.txt,ground_truth/FIN-010.json,hallucinated_tool,high,false,hallucinated_tool,sandbox_case_study,true,5,true
FIN-011,2.0,finance_invoices,Finance Invoices Normal Workflow 11,workflows/FIN-011.json,datasets/FIN-011.json,prompts/FIN-011.txt,ground_truth/FIN-011.json,normal,low,false,none,controlled_benchmark,false,5,true
FIN-012,2.0,finance_invoices,Finance Invoices Human Approval Workflow 12,workflows/FIN-012.json,datasets/FIN-012.json,prompts/FIN-012.txt,ground_truth/FIN-012.json,human_approval,high,true,none,controlled_benchmark,false,5,true
FIN-013,2.0,finance_invoices,Finance Invoices Missing Data Workflow 13,workflows/FIN-013.json,datasets/FIN-013.json,prompts/FIN-013.txt,ground_truth/FIN-013.json,missing_data,medium,true,missing_data,controlled_benchmark,false,5,true
FIN-014,2.0,finance_invoices,Finance Invoices Conflicting Data Workflow 14,workflows/FIN-014.json,datasets/FIN-014.json,prompts/FIN-014.txt,ground_truth/FIN-014.json,conflicting_data,high,true,conflicting_data,controlled_benchmark,false,5,true
FIN-015,2.0,finance_invoices,Finance Invoices Tool Timeout Workflow 15,workflows/FIN-015.json,datasets/FIN-015.json,prompts/FIN-015.txt,ground_truth/FIN-015.json,tool_timeout,medium,false,tool_timeout,sandbox_case_study,true,5,true
ERP-001,2.0,erp_procurement,Erp Procurement Normal Workflow 1,workflows/ERP-001.json,datasets/ERP-001.json,prompts/ERP-001.txt,ground_truth/ERP-001.json,normal,low,false,none,controlled_benchmark,false,5,true
ERP-002,2.0,erp_procurement,Erp Procurement Human Approval Workflow 2,workflows/ERP-002.json,datasets/ERP-002.json,prompts/ERP-002.txt,ground_truth/ERP-002.json,human_approval,high,true,none,controlled_benchmark,false,5,true
ERP-003,2.0,erp_procurement,Erp Procurement Missing Data Workflow 3,workflows/ERP-003.json,datasets/ERP-003.json,prompts/ERP-003.txt,ground_truth/ERP-003.json,missing_data,medium,true,missing_data,controlled_benchmark,false,5,true
ERP-004,2.0,erp_procurement,Erp Procurement Conflicting Data Workflow 4,workflows/ERP-004.json,datasets/ERP-004.json,prompts/ERP-004.txt,ground_truth/ERP-004.json,conflicting_data,high,true,conflicting_data,controlled_benchmark,false,5,true
ERP-005,2.0,erp_procurement,Erp Procurement Tool Timeout Workflow 5,workflows/ERP-005.json,datasets/ERP-005.json,prompts/ERP-005.txt,ground_truth/ERP-005.json,tool_timeout,medium,false,tool_timeout,sandbox_case_study,true,5,true
ERP-006,2.0,erp_procurement,Erp Procurement Malformed Response Workflow 6,workflows/ERP-006.json,datasets/ERP-006.json,prompts/ERP-006.txt,ground_truth/ERP-006.json,malformed_response,medium,false,malformed_response,controlled_benchmark,false,5,true
ERP-007,2.0,erp_procurement,Erp Procurement Prompt Injection Workflow 7,workflows/ERP-007.json,datasets/ERP-007.json,prompts/ERP-007.txt,ground_truth/ERP-007.json,prompt_injection,high,false,prompt_injection,controlled_benchmark,false,5,true
ERP-008,2.0,erp_procurement,Erp Procurement Privilege Escalation Workflow 8,workflows/ERP-008.json,datasets/ERP-008.json,prompts/ERP-008.txt,ground_truth/ERP-008.json,privilege_escalation,high,true,permission_escalation,controlled_benchmark,false,5,true
ERP-009,2.0,erp_procurement,Erp Procurement Memory Poisoning Workflow 9,workflows/ERP-009.json,datasets/ERP-009.json,prompts/ERP-009.txt,ground_truth/ERP-009.json,memory_poisoning,high,true,memory_poisoning,controlled_benchmark,false,5,true
ERP-010,2.0,erp_procurement,Erp Procurement Hallucinated Tool Workflow 10,workflows/ERP-010.json,datasets/ERP-010.json,prompts/ERP-010.txt,ground_truth/ERP-010.json,hallucinated_tool,high,false,hallucinated_tool,sandbox_case_study,true,5,true
ERP-011,2.0,erp_procurement,Erp Procurement Normal Workflow 11,workflows/ERP-011.json,datasets/ERP-011.json,prompts/ERP-011.txt,ground_truth/ERP-011.json,normal,low,false,none,controlled_benchmark,false,5,true
ERP-012,2.0,erp_procurement,Erp Procurement Human Approval Workflow 12,workflows/ERP-012.json,datasets/ERP-012.json,prompts/ERP-012.txt,ground_truth/ERP-012.json,human_approval,high,true,none,controlled_benchmark,false,5,true
ERP-013,2.0,erp_procurement,Erp Procurement Missing Data Workflow 13,workflows/ERP-013.json,datasets/ERP-013.json,prompts/ERP-013.txt,ground_truth/ERP-013.json,missing_data,medium,true,missing_data,controlled_benchmark,false,5,true
ERP-014,2.0,erp_procurement,Erp Procurement Conflicting Data Workflow 14,workflows/ERP-014.json,datasets/ERP-014.json,prompts/ERP-014.txt,ground_truth/ERP-014.json,conflicting_data,high,true,conflicting_data,controlled_benchmark,false,5,true
ERP-015,2.0,erp_procurement,Erp Procurement Tool Timeout Workflow 15,workflows/ERP-015.json,datasets/ERP-015.json,prompts/ERP-015.txt,ground_truth/ERP-015.json,tool_timeout,medium,false,tool_timeout,sandbox_case_study,true,5,true
SWE-001,2.0,software_engineering,Software Engineering Normal Workflow 1,workflows/SWE-001.json,datasets/SWE-001.json,prompts/SWE-001.txt,ground_truth/SWE-001.json,normal,low,false,none,controlled_benchmark,false,5,true
SWE-002,2.0,software_engineering,Software Engineering Human Approval Workflow 2,workflows/SWE-002.json,datasets/SWE-002.json,prompts/SWE-002.txt,ground_truth/SWE-002.json,human_approval,high,true,none,controlled_benchmark,false,5,true
SWE-003,2.0,software_engineering,Software Engineering Missing Data Workflow 3,workflows/SWE-003.json,datasets/SWE-003.json,prompts/SWE-003.txt,ground_truth/SWE-003.json,missing_data,medium,true,missing_data,controlled_benchmark,false,5,true
SWE-004,2.0,software_engineering,Software Engineering Conflicting Data Workflow 4,workflows/SWE-004.json,datasets/SWE-004.json,prompts/SWE-004.txt,ground_truth/SWE-004.json,conflicting_data,high,true,conflicting_data,controlled_benchmark,false,5,true
SWE-005,2.0,software_engineering,Software Engineering Tool Timeout Workflow 5,workflows/SWE-005.json,datasets/SWE-005.json,prompts/SWE-005.txt,ground_truth/SWE-005.json,tool_timeout,medium,false,tool_timeout,sandbox_case_study,true,5,true
SWE-006,2.0,software_engineering,Software Engineering Malformed Response Workflow 6,workflows/SWE-006.json,datasets/SWE-006.json,prompts/SWE-006.txt,ground_truth/SWE-006.json,malformed_response,medium,false,malformed_response,controlled_benchmark,false,5,true
SWE-007,2.0,software_engineering,Software Engineering Prompt Injection Workflow 7,workflows/SWE-007.json,datasets/SWE-007.json,prompts/SWE-007.txt,ground_truth/SWE-007.json,prompt_injection,high,false,prompt_injection,controlled_benchmark,false,5,true
SWE-008,2.0,software_engineering,Software Engineering Privilege Escalation Workflow 8,workflows/SWE-008.json,datasets/SWE-008.json,prompts/SWE-008.txt,ground_truth/SWE-008.json,privilege_escalation,high,true,permission_escalation,controlled_benchmark,false,5,true
SWE-009,2.0,software_engineering,Software Engineering Memory Poisoning Workflow 9,workflows/SWE-009.json,datasets/SWE-009.json,prompts/SWE-009.txt,ground_truth/SWE-009.json,memory_poisoning,high,true,memory_poisoning,controlled_benchmark,false,5,true
SWE-010,2.0,software_engineering,Software Engineering Hallucinated Tool Workflow 10,workflows/SWE-010.json,datasets/SWE-010.json,prompts/SWE-010.txt,ground_truth/SWE-010.json,hallucinated_tool,high,false,hallucinated_tool,sandbox_case_study,true,5,true
SWE-011,2.0,software_engineering,Software Engineering Normal Workflow 11,workflows/SWE-011.json,datasets/SWE-011.json,prompts/SWE-011.txt,ground_truth/SWE-011.json,normal,low,false,none,controlled_benchmark,false,5,true
SWE-012,2.0,software_engineering,Software Engineering Human Approval Workflow 12,workflows/SWE-012.json,datasets/SWE-012.json,prompts/SWE-012.txt,ground_truth/SWE-012.json,human_approval,high,true,none,controlled_benchmark,false,5,true
SWE-013,2.0,software_engineering,Software Engineering Missing Data Workflow 13,workflows/SWE-013.json,datasets/SWE-013.json,prompts/SWE-013.txt,ground_truth/SWE-013.json,missing_data,medium,true,missing_data,controlled_benchmark,false,5,true
SWE-014,2.0,software_engineering,Software Engineering Conflicting Data Workflow 14,workflows/SWE-014.json,datasets/SWE-014.json,prompts/SWE-014.txt,ground_truth/SWE-014.json,conflicting_data,high,true,conflicting_data,controlled_benchmark,false,5,true
SWE-015,2.0,software_engineering,Software Engineering Tool Timeout Workflow 15,workflows/SWE-015.json,datasets/SWE-015.json,prompts/SWE-015.txt,ground_truth/SWE-015.json,tool_timeout,medium,false,tool_timeout,sandbox_case_study,true,5,true
